{"type": "block", "layer": 0, "block": 0, "features": [{"geom": {"polygons": [[[[-0.0009554857088298618, 0.0008018754592953314], [-0.0007349175430935162, 0.0007192292626498897], [-0.0012163315396120922, -0.00027888885566085264], [-0.0014349817212968574, -0.0002089566303524748], [-0.0009554857088298618, 0.0008018754592953314]]]], "centroids": [[-0.0010843667688460457, 0.00026099475914520553, 1000.0]], "h": 10.0}, "mtl": {"face": 0}}], "featureCount": 1, "startIndex": 0}